{"stats":{"minecraft:picked_up":{"minecraft:crafting_table":5,"minecraft:birch_door":5,"minecraft:wheat":54,"minecraft:wooden_pickaxe":2,"minecraft:oak_stairs":12,"minecraft:shield":14,"minecraft:string":23,"minecraft:beef":1,"minecraft:iron_pickaxe":6,"minecraft:birch_sapling":16,"minecraft:phantom_membrane":2,"minecraft:furnace":2,"minecraft:stick":116,"minecraft:raw_iron":2,"minecraft:copper_ingot":4,"minecraft:torch":31,"minecraft:porkchop":12,"minecraft:prismarine_crystals":8,"minecraft:stone_shovel":8,"minecraft:stone_sword":5,"minecraft:arrow":21,"minecraft:rotten_flesh":38,"minecraft:gold_ingot":5,"minecraft:mutton":1,"minecraft:cod":2,"minecraft:white_wool":2,"minecraft:cobblestone":363,"minecraft:birch_log":68,"minecraft:cooked_beef":3,"minecraft:leather":1,"minecraft:birch_planks":61,"minecraft:flint":1,"minecraft:oak_log":491,"minecraft:wooden_hoe":6,"minecraft:dirt":175,"minecraft:cooked_mutton":4,"minecraft:bone":27,"minecraft:apple":13,"minecraft:bow":5,"minecraft:wheat_seeds":39,"minecraft:raw_gold":5,"minecraft:iron_ingot":20,"minecraft:stone_pickaxe":5,"minecraft:oak_planks":263,"minecraft:iron_sword":4,"minecraft:oak_slab":252,"minecraft:cooked_porkchop":18,"minecraft:birch_boat":6,"minecraft:gravel":2,"minecraft:spider_eye":6,"minecraft:diamond":5,"minecraft:stone_axe":6,"minecraft:bread":2,"minecraft:oak_sapling":143,"minecraft:coal":149,"minecraft:ender_pearl":1},"minecraft:dropped":{"minecraft:iron_ingot":2,"minecraft:birch_planks":2,"minecraft:oak_log":67,"minecraft:crafting_table":1,"minecraft:coal":67,"minecraft:stick":20,"minecraft:dirt":7,"minecraft:iron_pickaxe":1,"minecraft:string":5,"minecraft:birch_log":7,"minecraft:bone":1,"minecraft:birch_sapling":5,"minecraft:stone_shovel":2,"minecraft:rotten_flesh":1,"minecraft:shield":3,"minecraft:oak_sapling":3,"minecraft:stone_pickaxe":2,"minecraft:wooden_pickaxe":1},"minecraft:crafted":{"minecraft:oak_planks":168,"minecraft:stone_shovel":1,"minecraft:barrel":6,"minecraft:birch_boat":1,"minecraft:furnace":3,"minecraft:bone_meal":33,"minecraft:bow":1,"minecraft:stone_pickaxe":1,"minecraft:chest":1,"minecraft:birch_door":6,"minecraft:cooked_beef":1,"minecraft:oak_slab":54,"minecraft:cooked_porkchop":15,"minecraft:crafting_table":3,"minecraft:wooden_pickaxe":1,"minecraft:iron_sword":1,"minecraft:birch_planks":136,"minecraft:stone_axe":1,"minecraft:bread":4,"minecraft:air":0,"minecraft:white_wool":2,"minecraft:wooden_hoe":1,"minecraft:shield":1,"minecraft:stick":16,"minecraft:iron_ingot":3,"minecraft:iron_pickaxe":1,"minecraft:oak_stairs":4,"minecraft:stone_sword":1,"minecraft:gold_ingot":5,"minecraft:white_bed":1,"minecraft:torch":28},"minecraft:custom":{"minecraft:mob_kills":50,"minecraft:interact_with_crafting_table":32,"minecraft:open_barrel":17,"minecraft:leave_game":4,"minecraft:time_since_death":1988,"minecraft:sprint_one_cm":267809,"minecraft:walk_one_cm":326921,"minecraft:damage_blocked_by_shield":3025,"minecraft:drop":31,"minecraft:play_time":266614,"minecraft:deaths":16,"minecraft:sneak_time":671,"minecraft:walk_under_water_one_cm":10791,"minecraft:boat_one_cm":17154,"minecraft:jump":1788,"minecraft:walk_on_water_one_cm":14204,"minecraft:total_world_time":266614,"minecraft:interact_with_furnace":34,"minecraft:sleep_in_bed":3,"minecraft:time_since_rest":10345,"minecraft:damage_taken":5645,"minecraft:damage_dealt":8036,"minecraft:swim_one_cm":64080,"minecraft:fly_one_cm":328950,"minecraft:open_chest":64,"minecraft:crouch_one_cm":1094,"minecraft:fall_one_cm":43287},"minecraft:mined":{"minecraft:oak_sapling":2,"minecraft:sea_lantern":1,"minecraft:grass_block":27,"minecraft:furnace":2,"minecraft:iron_ore":2,"minecraft:stone":153,"minecraft:crafting_table":3,"minecraft:torch":1,"minecraft:cobblestone":20,"minecraft:oak_planks":7,"minecraft:wall_torch":3,"minecraft:birch_log":35,"minecraft:wheat":14,"minecraft:birch_leaves":11,"minecraft:birch_door":2,"minecraft:grass":4,"minecraft:coal_ore":31,"minecraft:oak_log":101,"minecraft:dirt":39,"minecraft:gold_ore":5,"minecraft:oak_leaves":63},"minecraft:broken":{"minecraft:stone_pickaxe":1,"minecraft:shield":1,"minecraft:stone_axe":1},"minecraft:killed":{"minecraft:spider":8,"minecraft:cod":2,"minecraft:phantom":4,"minecraft:skeleton":12,"minecraft:drowned":3,"minecraft:wolf":1,"minecraft:pig":6,"minecraft:sheep":1,"minecraft:zombie":10,"minecraft:cow":1},"minecraft:used":{"minecraft:stone_sword":65,"minecraft:stone_shovel":14,"minecraft:chest":1,"minecraft:shield":50,"minecraft:iron_sword":92,"minecraft:torch":11,"minecraft:dirt":111,"minecraft:birch_door":4,"minecraft:oak_stairs":2,"minecraft:barrel":6,"minecraft:bow":4,"minecraft:oak_sapling":21,"minecraft:furnace":5,"minecraft:cooked_beef":1,"minecraft:wheat_seeds":37,"minecraft:birch_planks":107,"minecraft:stone_pickaxe":131,"minecraft:oak_planks":56,"minecraft:wooden_pickaxe":22,"minecraft:birch_boat":2,"minecraft:crafting_table":6,"minecraft:white_bed":1,"minecraft:wooden_hoe":16,"minecraft:apple":3,"minecraft:bread":6,"minecraft:iron_pickaxe":64,"minecraft:stone_axe":160,"minecraft:cobblestone":121,"minecraft:cooked_porkchop":12,"minecraft:birch_log":1,"minecraft:bone_meal":33},"minecraft:killed_by":{"minecraft:creeper":1,"minecraft:spider":2,"minecraft:drowned":2,"minecraft:skeleton":4,"minecraft:phantom":4,"minecraft:zombie":3}},"DataVersion":3465}