{"stats":{"minecraft:mined":{"minecraft:birch_log":11,"minecraft:birch_leaves":10,"minecraft:birch_door":1,"minecraft:crafting_table":1,"minecraft:grass_block":14,"minecraft:coal_ore":21,"minecraft:oak_log":36,"minecraft:dirt":3,"minecraft:cobblestone":2,"minecraft:stone":31,"minecraft:oak_leaves":7},"minecraft:crafted":{"minecraft:oak_planks":12,"minecraft:stone_shovel":1,"minecraft:crafting_table":2,"minecraft:stick":8,"minecraft:wooden_pickaxe":1,"minecraft:stone_pickaxe":1,"minecraft:stone_sword":1,"minecraft:furnace":1,"minecraft:birch_door":3,"minecraft:birch_planks":12,"minecraft:stone_axe":1},"minecraft:picked_up":{"minecraft:birch_log":11,"minecraft:birch_door":1,"minecraft:stick":6,"minecraft:crafting_table":1,"minecraft:oak_log":38,"minecraft:dirt":43,"minecraft:arrow":2,"minecraft:bone":2,"minecraft:apple":2,"minecraft:oak_sapling":9,"minecraft:birch_sapling":3,"minecraft:coal":21,"minecraft:cobblestone":33},"minecraft:used":{"minecraft:birch_door":2,"minecraft:apple":2,"minecraft:stone_sword":8,"minecraft:stone_shovel":14,"minecraft:stone_pickaxe":32,"minecraft:wooden_pickaxe":22,"minecraft:stone_axe":43,"minecraft:dirt":34,"minecraft:cobblestone":14,"minecraft:crafting_table":3,"minecraft:oak_sapling":3,"minecraft:furnace":1,"minecraft:birch_log":1},"minecraft:custom":{"minecraft:time_since_rest":48270,"minecraft:interact_with_furnace":1,"minecraft:sprint_one_cm":27334,"minecraft:damage_taken":160,"minecraft:walk_one_cm":62167,"minecraft:mob_kills":2,"minecraft:damage_dealt":409,"minecraft:interact_with_crafting_table":7,"minecraft:fly_one_cm":27180,"minecraft:open_chest":1,"minecraft:crouch_one_cm":96,"minecraft:play_time":48270,"minecraft:sneak_time":48,"minecraft:jump":232,"minecraft:leave_game":2,"minecraft:time_since_death":48270,"minecraft:total_world_time":48270,"minecraft:fall_one_cm":5011},"minecraft:killed":{"minecraft:skeleton":1,"minecraft:zombie":1}},"DataVersion":3465}