{"stats":{"minecraft:picked_up":{"minecraft:wheat":33,"minecraft:arrow":2,"minecraft:wheat_seeds":87},"minecraft:custom":{"minecraft:jump":50,"minecraft:open_chest":9,"minecraft:time_since_rest":16853,"minecraft:damage_dealt":20,"minecraft:interact_with_furnace":2,"minecraft:sprint_one_cm":11827,"minecraft:play_time":17810,"minecraft:damage_taken":205,"minecraft:time_since_death":17810,"minecraft:walk_one_cm":27309,"minecraft:sleep_in_bed":1,"minecraft:total_world_time":17810,"minecraft:interact_with_crafting_table":2,"minecraft:fall_one_cm":896,"minecraft:fly_one_cm":6312,"minecraft:open_barrel":9},"minecraft:mined":{"minecraft:wheat":33},"minecraft:crafted":{"minecraft:bread":10},"minecraft:used":{"minecraft:wheat_seeds":32,"minecraft:cooked_porkchop":2}},"DataVersion":3465}