{"stats":{"minecraft:picked_up":{"minecraft:wheat":33,"minecraft:arrow":2,"minecraft:wheat_seeds":87},"minecraft:custom":{"minecraft:open_barrel":16,"minecraft:time_since_rest":1016,"minecraft:open_chest":16,"minecraft:play_time":25847,"minecraft:interact_with_furnace":2,"minecraft:sprint_one_cm":19571,"minecraft:damage_taken":205,"minecraft:walk_one_cm":32198,"minecraft:jump":117,"minecraft:damage_dealt":20,"minecraft:leave_game":1,"minecraft:time_since_death":25847,"minecraft:sleep_in_bed":2,"minecraft:total_world_time":25847,"minecraft:interact_with_crafting_table":4,"minecraft:fall_one_cm":2421,"minecraft:fly_one_cm":20587},"minecraft:mined":{"minecraft:wheat":33,"minecraft:oak_leaves":1},"minecraft:crafted":{"minecraft:bread":11},"minecraft:used":{"minecraft:wheat_seeds":32,"minecraft:cooked_porkchop":3}},"DataVersion":3465}