{"stats":{"minecraft:picked_up":{"minecraft:wheat":33,"minecraft:arrow":2,"minecraft:wheat_seeds":87},"minecraft:custom":{"minecraft:open_barrel":16,"minecraft:time_since_rest":423,"minecraft:open_chest":17,"minecraft:sprint_one_cm":23113,"minecraft:interact_with_furnace":2,"minecraft:play_time":26840,"minecraft:damage_taken":205,"minecraft:walk_one_cm":34478,"minecraft:jump":125,"minecraft:damage_dealt":20,"minecraft:leave_game":3,"minecraft:time_since_death":26840,"minecraft:sleep_in_bed":3,"minecraft:total_world_time":26840,"minecraft:interact_with_crafting_table":4,"minecraft:fall_one_cm":2630,"minecraft:fly_one_cm":22136},"minecraft:mined":{"minecraft:wheat":33,"minecraft:oak_leaves":1},"minecraft:crafted":{"minecraft:bread":11},"minecraft:used":{"minecraft:wheat_seeds":32,"minecraft:cooked_porkchop":3}},"DataVersion":3465}