{"stats":{"minecraft:killed":{"minecraft:pig":1,"minecraft:salmon":4,"minecraft:spider":1,"minecraft:sheep":3,"minecraft:zombie":2,"minecraft:chicken":3,"minecraft:cow":3},"minecraft:picked_up":{"minecraft:wooden_axe":2,"minecraft:cocoa_beans":30,"minecraft:leather_chestplate":2,"minecraft:crafting_table":4,"minecraft:feather":3,"minecraft:chicken":3,"minecraft:clay_ball":128,"minecraft:salmon":6,"minecraft:leather":8,"minecraft:wooden_pickaxe":1,"minecraft:oak_log":81,"minecraft:string":1,"minecraft:cornflower":1,"minecraft:dirt":1,"minecraft:cooked_salmon":4,"minecraft:wooden_sword":1,"minecraft:kelp":62,"minecraft:wheat_seeds":33,"minecraft:beef":9,"minecraft:stone_pickaxe":5,"minecraft:oak_boat":2,"minecraft:rose_bush":1,"minecraft:bamboo":36,"minecraft:melon_slice":93,"minecraft:sugar_cane":16,"minecraft:oak_planks":4,"minecraft:furnace":2,"minecraft:stick":8,"minecraft:raw_iron":33,"minecraft:pumpkin":23,"minecraft:big_dripleaf":2,"minecraft:porkchop":4,"minecraft:white_bed":2,"minecraft:stone_sword":2,"minecraft:rotten_flesh":4,"minecraft:tropical_fish":8,"minecraft:stone_axe":2,"minecraft:bone_meal":2,"minecraft:oak_sapling":6,"minecraft:glow_berries":6,"minecraft:mutton":10,"minecraft:coal":67,"minecraft:white_wool":4,"minecraft:cobblestone":184},"minecraft:killed_by":{"minecraft:creeper":1,"minecraft:guardian":1,"minecraft:zombie":1},"minecraft:custom":{"minecraft:interact_with_furnace":10,"minecraft:mob_kills":17,"minecraft:interact_with_crafting_table":9,"minecraft:time_since_death":3363,"minecraft:sleep_in_bed":5,"minecraft:climb_one_cm":1734,"minecraft:time_since_rest":3391,"minecraft:sprint_one_cm":101683,"minecraft:damage_taken":2135,"minecraft:walk_one_cm":171063,"minecraft:drop":6,"minecraft:damage_dealt":1585,"minecraft:swim_one_cm":92471,"minecraft:fly_one_cm":66540,"minecraft:open_chest":2,"minecraft:crouch_one_cm":582,"minecraft:play_time":59349,"minecraft:deaths":6,"minecraft:sneak_time":258,"minecraft:walk_under_water_one_cm":17611,"minecraft:boat_one_cm":17216,"minecraft:jump":701,"minecraft:walk_on_water_one_cm":33973,"minecraft:total_world_time":59349,"minecraft:fall_one_cm":19445},"minecraft:mined":{"minecraft:white_bed":2,"minecraft:kelp_plant":14,"minecraft:jungle_leaves":6,"minecraft:clay":16,"minecraft:crafting_table":3,"minecraft:cornflower":1,"minecraft:cave_vines_plant":1,"minecraft:grass_block":5,"minecraft:melon":10,"minecraft:rose_bush":1,"minecraft:tall_grass":43,"minecraft:sugar_cane":8,"minecraft:kelp":5,"minecraft:big_dripleaf":1,"minecraft:furnace":2,"minecraft:iron_ore":21,"minecraft:birch_leaves":4,"minecraft:pumpkin":23,"minecraft:grass":168,"minecraft:cave_vines":5,"minecraft:vine":1,"minecraft:oak_log":85,"minecraft:coal_ore":68,"minecraft:cocoa":10,"minecraft:dirt":2,"minecraft:bamboo":4,"minecraft:stone":86,"minecraft:oak_leaves":13,"minecraft:fern":3},"minecraft:crafted":{"minecraft:cooked_beef":4,"minecraft:wooden_sword":1,"minecraft:oak_planks":44,"minecraft:crafting_table":2,"minecraft:wooden_pickaxe":1,"minecraft:furnace":1,"minecraft:cooked_salmon":4,"minecraft:stone_axe":2,"minecraft:oak_boat":1,"minecraft:stick":24,"minecraft:stone_pickaxe":4,"minecraft:wooden_axe":1,"minecraft:stone_sword":2,"minecraft:chest":1,"minecraft:white_bed":1,"minecraft:torch":24},"minecraft:used":{"minecraft:stone_sword":14,"minecraft:stone_pickaxe":165,"minecraft:chest":1,"minecraft:wooden_pickaxe":20,"minecraft:crafting_table":4,"minecraft:white_bed":3,"minecraft:wooden_axe":44,"minecraft:melon_slice":1,"minecraft:stone_axe":128,"minecraft:wooden_sword":24,"minecraft:cobblestone":35,"minecraft:furnace":3,"minecraft:oak_boat":1,"minecraft:cooked_beef":4},"minecraft:dropped":{"minecraft:cobblestone":1,"minecraft:rotten_flesh":4,"minecraft:rose_bush":1}},"DataVersion":3465}