{"stats":{"minecraft:picked_up":{"minecraft:crafting_table":1,"minecraft:leather":5,"minecraft:porkchop":2,"minecraft:oak_log":7,"minecraft:string":1,"minecraft:rotten_flesh":4,"minecraft:kelp":62,"minecraft:wheat_seeds":1,"minecraft:beef":5,"minecraft:oak_boat":1,"minecraft:rose_bush":1,"minecraft:mutton":5,"minecraft:white_wool":4,"minecraft:cobblestone":53},"minecraft:killed":{"minecraft:sheep":3,"minecraft:zombie":1,"minecraft:pig":1,"minecraft:spider":1,"minecraft:cow":3},"minecraft:killed_by":{"minecraft:guardian":1,"minecraft:zombie":1},"minecraft:custom":{"minecraft:time_since_rest":8205,"minecraft:sprint_one_cm":37991,"minecraft:damage_taken":960,"minecraft:walk_one_cm":39514,"minecraft:mob_kills":9,"minecraft:drop":5,"minecraft:damage_dealt":964,"minecraft:swim_one_cm":65160,"minecraft:interact_with_crafting_table":4,"minecraft:fly_one_cm":26545,"minecraft:open_chest":1,"minecraft:play_time":17349,"minecraft:deaths":3,"minecraft:walk_under_water_one_cm":9011,"minecraft:boat_one_cm":17216,"minecraft:jump":165,"minecraft:walk_on_water_one_cm":13996,"minecraft:time_since_death":8176,"minecraft:total_world_time":17349,"minecraft:fall_one_cm":4310},"minecraft:mined":{"minecraft:kelp_plant":14,"minecraft:crafting_table":1,"minecraft:grass":6,"minecraft:oak_log":7,"minecraft:rose_bush":1,"minecraft:stone":58,"minecraft:kelp":5},"minecraft:crafted":{"minecraft:wooden_sword":1,"minecraft:oak_boat":1,"minecraft:oak_planks":28,"minecraft:crafting_table":2,"minecraft:stick":8,"minecraft:wooden_pickaxe":1,"minecraft:stone_pickaxe":1,"minecraft:wooden_axe":1,"minecraft:white_bed":1},"minecraft:used":{"minecraft:stone_pickaxe":42,"minecraft:wooden_pickaxe":16,"minecraft:wooden_sword":8,"minecraft:crafting_table":3,"minecraft:white_bed":1,"minecraft:oak_boat":1},"minecraft:dropped":{"minecraft:rose_bush":1,"minecraft:rotten_flesh":4}},"DataVersion":3465}