{"stats":{"minecraft:picked_up":{"minecraft:kelp":55},"minecraft:killed_by":{"minecraft:zombie":1},"minecraft:custom":{"minecraft:jump":33,"minecraft:open_chest":1,"minecraft:time_since_rest":3196,"minecraft:damage_dealt":30,"minecraft:walk_on_water_one_cm":5235,"minecraft:deaths":1,"minecraft:sprint_one_cm":8691,"minecraft:play_time":5349,"minecraft:damage_taken":305,"minecraft:time_since_death":3164,"minecraft:walk_one_cm":5236,"minecraft:total_world_time":5349,"minecraft:walk_under_water_one_cm":7201,"minecraft:swim_one_cm":40292,"minecraft:fall_one_cm":1300,"minecraft:fly_one_cm":10992},"minecraft:mined":{"minecraft:kelp":5,"minecraft:kelp_plant":14}},"DataVersion":3465}