{"stats":{"minecraft:killed":{"minecraft:pig":1,"minecraft:salmon":4,"minecraft:spider":1,"minecraft:sheep":3,"minecraft:zombie":1,"minecraft:cow":3},"minecraft:picked_up":{"minecraft:wooden_axe":1,"minecraft:crafting_table":4,"minecraft:salmon":6,"minecraft:leather":8,"minecraft:wooden_pickaxe":1,"minecraft:oak_log":81,"minecraft:string":1,"minecraft:cornflower":1,"minecraft:dirt":1,"minecraft:wooden_sword":1,"minecraft:kelp":62,"minecraft:wheat_seeds":32,"minecraft:beef":9,"minecraft:stone_pickaxe":1,"minecraft:oak_boat":2,"minecraft:rose_bush":1,"minecraft:sugar_cane":16,"minecraft:furnace":1,"minecraft:stick":5,"minecraft:raw_iron":2,"minecraft:pumpkin":23,"minecraft:porkchop":4,"minecraft:white_bed":2,"minecraft:rotten_flesh":4,"minecraft:oak_sapling":6,"minecraft:mutton":10,"minecraft:coal":55,"minecraft:white_wool":4,"minecraft:cobblestone":150},"minecraft:killed_by":{"minecraft:guardian":1,"minecraft:zombie":1},"minecraft:custom":{"minecraft:interact_with_furnace":8,"minecraft:mob_kills":13,"minecraft:interact_with_crafting_table":7,"minecraft:time_since_death":22395,"minecraft:sleep_in_bed":4,"minecraft:time_since_rest":1700,"minecraft:sprint_one_cm":88532,"minecraft:damage_taken":1190,"minecraft:walk_one_cm":114348,"minecraft:drop":6,"minecraft:damage_dealt":1099,"minecraft:swim_one_cm":92471,"minecraft:fly_one_cm":59282,"minecraft:open_chest":1,"minecraft:crouch_one_cm":239,"minecraft:play_time":41349,"minecraft:deaths":4,"minecraft:sneak_time":157,"minecraft:walk_under_water_one_cm":17611,"minecraft:boat_one_cm":17216,"minecraft:jump":456,"minecraft:walk_on_water_one_cm":30100,"minecraft:total_world_time":41349,"minecraft:fall_one_cm":10568},"minecraft:mined":{"minecraft:white_bed":2,"minecraft:kelp_plant":14,"minecraft:crafting_table":3,"minecraft:cornflower":1,"minecraft:grass_block":5,"minecraft:rose_bush":1,"minecraft:tall_grass":43,"minecraft:sugar_cane":8,"minecraft:kelp":5,"minecraft:furnace":1,"minecraft:iron_ore":2,"minecraft:birch_leaves":4,"minecraft:pumpkin":23,"minecraft:grass":157,"minecraft:oak_log":85,"minecraft:coal_ore":55,"minecraft:dirt":2,"minecraft:stone":81,"minecraft:oak_leaves":11},"minecraft:crafted":{"minecraft:cooked_beef":4,"minecraft:wooden_sword":1,"minecraft:oak_planks":44,"minecraft:crafting_table":2,"minecraft:wooden_pickaxe":1,"minecraft:furnace":1,"minecraft:cooked_salmon":4,"minecraft:stone_axe":1,"minecraft:oak_boat":1,"minecraft:stick":16,"minecraft:stone_pickaxe":1,"minecraft:wooden_axe":1,"minecraft:white_bed":1},"minecraft:used":{"minecraft:stone_pickaxe":121,"minecraft:wooden_pickaxe":20,"minecraft:crafting_table":3,"minecraft:white_bed":2,"minecraft:wooden_axe":20,"minecraft:stone_axe":128,"minecraft:wooden_sword":8,"minecraft:cobblestone":16,"minecraft:furnace":1,"minecraft:oak_boat":1,"minecraft:cooked_beef":2},"minecraft:dropped":{"minecraft:cobblestone":1,"minecraft:rotten_flesh":4,"minecraft:rose_bush":1}},"DataVersion":3465}