{"stats":{"minecraft:killed":{"minecraft:pig":1,"minecraft:salmon":4,"minecraft:spider":1,"minecraft:skeleton":1,"minecraft:sheep":3,"minecraft:zombie":5,"minecraft:chicken":3,"minecraft:cow":3},"minecraft:picked_up":{"minecraft:wooden_axe":5,"minecraft:cocoa_beans":66,"minecraft:leather_chestplate":5,"minecraft:crafting_table":5,"minecraft:feather":6,"minecraft:andesite":2,"minecraft:chicken":6,"minecraft:clay_ball":284,"minecraft:salmon":6,"minecraft:leather":14,"minecraft:wooden_pickaxe":2,"minecraft:oak_log":145,"minecraft:lapis_lazuli":60,"minecraft:string":1,"minecraft:cornflower":2,"minecraft:dirt":3,"minecraft:cooked_salmon":12,"minecraft:wooden_sword":2,"minecraft:bone":1,"minecraft:kelp":62,"minecraft:wheat_seeds":64,"minecraft:cobbled_deepslate":9,"minecraft:beef":9,"minecraft:stone_pickaxe":15,"minecraft:oak_boat":4,"minecraft:rose_bush":1,"minecraft:azalea":1,"minecraft:bamboo":72,"minecraft:melon_slice":93,"minecraft:sugar_cane":32,"minecraft:chest":1,"minecraft:oak_planks":4,"minecraft:furnace":3,"minecraft:stick":8,"minecraft:raw_iron":150,"minecraft:pumpkin":46,"minecraft:big_dripleaf":6,"minecraft:torch":69,"minecraft:porkchop":6,"minecraft:white_bed":4,"minecraft:stone_sword":6,"minecraft:rotten_flesh":6,"minecraft:tropical_fish":26,"minecraft:stone_axe":7,"minecraft:bone_meal":8,"minecraft:oak_sapling":18,"minecraft:glow_berries":6,"minecraft:mutton":15,"minecraft:coal":73,"minecraft:white_wool":4,"minecraft:cobblestone":253},"minecraft:killed_by":{"minecraft:skeleton":3,"minecraft:creeper":1,"minecraft:guardian":1,"minecraft:zombie":2},"minecraft:custom":{"minecraft:interact_with_furnace":11,"minecraft:mob_kills":21,"minecraft:interact_with_crafting_table":9,"minecraft:leave_game":1,"minecraft:time_since_death":22130,"minecraft:sleep_in_bed":7,"minecraft:climb_one_cm":3051,"minecraft:time_since_rest":1827,"minecraft:sprint_one_cm":182052,"minecraft:damage_taken":3505,"minecraft:walk_one_cm":275956,"minecraft:drop":22,"minecraft:damage_dealt":2214,"minecraft:swim_one_cm":97807,"minecraft:fly_one_cm":94203,"minecraft:open_chest":3,"minecraft:crouch_one_cm":1091,"minecraft:play_time":93108,"minecraft:deaths":10,"minecraft:sneak_time":579,"minecraft:walk_under_water_one_cm":23743,"minecraft:boat_one_cm":76329,"minecraft:jump":1258,"minecraft:walk_on_water_one_cm":42844,"minecraft:total_world_time":93108,"minecraft:fall_one_cm":35555},"minecraft:mined":{"minecraft:white_bed":4,"minecraft:mossy_cobblestone":17,"minecraft:kelp_plant":14,"minecraft:jungle_leaves":6,"minecraft:torch":1,"minecraft:clay":20,"minecraft:crafting_table":3,"minecraft:cornflower":1,"minecraft:cave_vines_plant":1,"minecraft:grass_block":6,"minecraft:melon":10,"minecraft:chest":1,"minecraft:rose_bush":1,"minecraft:cobblestone":6,"minecraft:tall_grass":44,"minecraft:spruce_leaves":3,"minecraft:sugar_cane":8,"minecraft:kelp":5,"minecraft:big_dripleaf":1,"minecraft:furnace":3,"minecraft:iron_ore":33,"minecraft:andesite":1,"minecraft:birch_leaves":5,"minecraft:pumpkin":23,"minecraft:deepslate_lapis_ore":2,"minecraft:big_dripleaf_stem":1,"minecraft:deepslate_iron_ore":22,"minecraft:grass":168,"minecraft:cave_vines":5,"minecraft:vine":1,"minecraft:oak_log":85,"minecraft:coal_ore":68,"minecraft:cocoa":12,"minecraft:dirt":2,"minecraft:bamboo":4,"minecraft:azalea":1,"minecraft:stone":111,"minecraft:deepslate":4,"minecraft:oak_leaves":13,"minecraft:fern":3},"minecraft:crafted":{"minecraft:cooked_beef":4,"minecraft:wooden_sword":1,"minecraft:oak_planks":52,"minecraft:crafting_table":2,"minecraft:wooden_pickaxe":1,"minecraft:furnace":1,"minecraft:cooked_salmon":4,"minecraft:stone_axe":2,"minecraft:oak_boat":1,"minecraft:stick":24,"minecraft:iron_ingot":6,"minecraft:stone_pickaxe":4,"minecraft:wooden_axe":1,"minecraft:stone_sword":2,"minecraft:chest":1,"minecraft:white_bed":1,"minecraft:torch":40},"minecraft:used":{"minecraft:stone_sword":15,"minecraft:stone_pickaxe":268,"minecraft:oak_planks":7,"minecraft:chest":1,"minecraft:wooden_pickaxe":20,"minecraft:cooked_salmon":2,"minecraft:dirt":1,"minecraft:torch":7,"minecraft:crafting_table":4,"minecraft:white_bed":5,"minecraft:wooden_axe":44,"minecraft:melon_slice":10,"minecraft:stone_axe":131,"minecraft:wooden_sword":24,"minecraft:cobblestone":90,"minecraft:furnace":3,"minecraft:oak_boat":2,"minecraft:cooked_beef":4,"minecraft:cobbled_deepslate":3},"minecraft:dropped":{"minecraft:cobbled_deepslate":2,"minecraft:feather":3,"minecraft:cobblestone":1,"minecraft:rotten_flesh":4,"minecraft:clay_ball":24,"minecraft:leather":6,"minecraft:big_dripleaf":3,"minecraft:dirt":1,"minecraft:cornflower":1,"minecraft:wooden_axe":2,"minecraft:andesite":2,"minecraft:rose_bush":1,"minecraft:wooden_sword":1,"minecraft:oak_sapling":6}},"DataVersion":3465}