{"stats":{"minecraft:killed":{"minecraft:sheep":3,"minecraft:zombie":1,"minecraft:pig":1,"minecraft:salmon":4,"minecraft:spider":1,"minecraft:cow":3},"minecraft:picked_up":{"minecraft:wooden_axe":1,"minecraft:stick":3,"minecraft:crafting_table":3,"minecraft:salmon":6,"minecraft:leather":8,"minecraft:wooden_pickaxe":1,"minecraft:porkchop":4,"minecraft:oak_log":81,"minecraft:string":1,"minecraft:wooden_sword":1,"minecraft:rotten_flesh":4,"minecraft:kelp":62,"minecraft:wheat_seeds":29,"minecraft:beef":9,"minecraft:stone_pickaxe":1,"minecraft:oak_boat":2,"minecraft:rose_bush":1,"minecraft:oak_sapling":6,"minecraft:mutton":10,"minecraft:white_wool":4,"minecraft:cobblestone":141},"minecraft:killed_by":{"minecraft:guardian":1,"minecraft:zombie":1},"minecraft:custom":{"minecraft:time_since_rest":4979,"minecraft:interact_with_furnace":5,"minecraft:sprint_one_cm":60154,"minecraft:damage_taken":1100,"minecraft:walk_one_cm":82169,"minecraft:mob_kills":13,"minecraft:drop":5,"minecraft:damage_dealt":1099,"minecraft:swim_one_cm":87444,"minecraft:interact_with_crafting_table":7,"minecraft:fly_one_cm":36388,"minecraft:open_chest":1,"minecraft:play_time":29349,"minecraft:deaths":4,"minecraft:sneak_time":61,"minecraft:walk_under_water_one_cm":16025,"minecraft:boat_one_cm":17216,"minecraft:jump":257,"minecraft:walk_on_water_one_cm":22170,"minecraft:time_since_death":10395,"minecraft:sleep_in_bed":3,"minecraft:total_world_time":29349,"minecraft:fall_one_cm":6237},"minecraft:mined":{"minecraft:kelp_plant":14,"minecraft:crafting_table":2,"minecraft:grass":144,"minecraft:oak_log":85,"minecraft:rose_bush":1,"minecraft:tall_grass":43,"minecraft:stone":72,"minecraft:kelp":5,"minecraft:oak_leaves":11},"minecraft:crafted":{"minecraft:wooden_sword":1,"minecraft:oak_boat":1,"minecraft:oak_planks":44,"minecraft:crafting_table":2,"minecraft:stick":16,"minecraft:wooden_pickaxe":1,"minecraft:stone_pickaxe":1,"minecraft:wooden_axe":1,"minecraft:furnace":1,"minecraft:white_bed":1,"minecraft:cooked_salmon":4,"minecraft:stone_axe":1},"minecraft:used":{"minecraft:wooden_axe":20,"minecraft:stone_pickaxe":56,"minecraft:wooden_pickaxe":16,"minecraft:stone_axe":101,"minecraft:wooden_sword":8,"minecraft:crafting_table":3,"minecraft:furnace":1,"minecraft:white_bed":1,"minecraft:oak_boat":1},"minecraft:dropped":{"minecraft:rose_bush":1,"minecraft:rotten_flesh":4}},"DataVersion":3465}