{"stats":{"minecraft:killed":{"minecraft:pig":1,"minecraft:salmon":4,"minecraft:spider":1,"minecraft:sheep":3,"minecraft:zombie":5,"minecraft:chicken":3,"minecraft:cow":3},"minecraft:picked_up":{"minecraft:wooden_axe":3,"minecraft:cocoa_beans":30,"minecraft:leather_chestplate":4,"minecraft:crafting_table":4,"minecraft:feather":3,"minecraft:chicken":3,"minecraft:clay_ball":196,"minecraft:salmon":6,"minecraft:leather":8,"minecraft:wooden_pickaxe":1,"minecraft:oak_log":81,"minecraft:lapis_lazuli":45,"minecraft:string":1,"minecraft:cornflower":1,"minecraft:dirt":1,"minecraft:cooked_salmon":8,"minecraft:wooden_sword":1,"minecraft:kelp":62,"minecraft:wheat_seeds":33,"minecraft:cobbled_deepslate":4,"minecraft:beef":9,"minecraft:stone_pickaxe":11,"minecraft:oak_boat":2,"minecraft:rose_bush":1,"minecraft:azalea":1,"minecraft:bamboo":36,"minecraft:melon_slice":93,"minecraft:sugar_cane":16,"minecraft:oak_planks":4,"minecraft:furnace":2,"minecraft:stick":8,"minecraft:raw_iron":97,"minecraft:pumpkin":23,"minecraft:big_dripleaf":3,"minecraft:torch":35,"minecraft:porkchop":4,"minecraft:white_bed":2,"minecraft:stone_sword":4,"minecraft:rotten_flesh":6,"minecraft:tropical_fish":14,"minecraft:stone_axe":5,"minecraft:bone_meal":5,"minecraft:oak_sapling":6,"minecraft:glow_berries":6,"minecraft:mutton":10,"minecraft:coal":71,"minecraft:white_wool":4,"minecraft:cobblestone":210},"minecraft:killed_by":{"minecraft:skeleton":3,"minecraft:creeper":1,"minecraft:guardian":1,"minecraft:zombie":2},"minecraft:custom":{"minecraft:interact_with_furnace":10,"minecraft:mob_kills":20,"minecraft:interact_with_crafting_table":9,"minecraft:time_since_death":371,"minecraft:sleep_in_bed":6,"minecraft:climb_one_cm":2162,"minecraft:time_since_rest":394,"minecraft:sprint_one_cm":124275,"minecraft:damage_taken":3225,"minecraft:walk_one_cm":214369,"minecraft:drop":6,"minecraft:damage_dealt":2167,"minecraft:swim_one_cm":92471,"minecraft:fly_one_cm":74347,"minecraft:open_chest":2,"minecraft:crouch_one_cm":582,"minecraft:play_time":71349,"minecraft:deaths":10,"minecraft:sneak_time":258,"minecraft:walk_under_water_one_cm":18048,"minecraft:boat_one_cm":17216,"minecraft:jump":885,"minecraft:walk_on_water_one_cm":37571,"minecraft:total_world_time":71349,"minecraft:fall_one_cm":27776},"minecraft:mined":{"minecraft:white_bed":2,"minecraft:kelp_plant":14,"minecraft:jungle_leaves":6,"minecraft:torch":1,"minecraft:clay":17,"minecraft:crafting_table":3,"minecraft:cornflower":1,"minecraft:cave_vines_plant":1,"minecraft:grass_block":5,"minecraft:melon":10,"minecraft:rose_bush":1,"minecraft:cobblestone":6,"minecraft:tall_grass":44,"minecraft:sugar_cane":8,"minecraft:kelp":5,"minecraft:big_dripleaf":1,"minecraft:furnace":2,"minecraft:iron_ore":27,"minecraft:birch_leaves":4,"minecraft:pumpkin":23,"minecraft:deepslate_lapis_ore":2,"minecraft:deepslate_iron_ore":16,"minecraft:grass":168,"minecraft:cave_vines":5,"minecraft:vine":1,"minecraft:oak_log":85,"minecraft:coal_ore":68,"minecraft:cocoa":10,"minecraft:dirt":2,"minecraft:bamboo":4,"minecraft:azalea":1,"minecraft:stone":87,"minecraft:deepslate":2,"minecraft:oak_leaves":13,"minecraft:fern":3},"minecraft:crafted":{"minecraft:cooked_beef":4,"minecraft:wooden_sword":1,"minecraft:oak_planks":44,"minecraft:crafting_table":2,"minecraft:wooden_pickaxe":1,"minecraft:furnace":1,"minecraft:cooked_salmon":4,"minecraft:stone_axe":2,"minecraft:oak_boat":1,"minecraft:stick":24,"minecraft:stone_pickaxe":4,"minecraft:wooden_axe":1,"minecraft:stone_sword":2,"minecraft:chest":1,"minecraft:white_bed":1,"minecraft:torch":40},"minecraft:used":{"minecraft:stone_sword":15,"minecraft:stone_pickaxe":210,"minecraft:chest":1,"minecraft:wooden_pickaxe":20,"minecraft:torch":7,"minecraft:crafting_table":4,"minecraft:white_bed":3,"minecraft:wooden_axe":44,"minecraft:melon_slice":10,"minecraft:stone_axe":128,"minecraft:wooden_sword":24,"minecraft:cobblestone":47,"minecraft:furnace":3,"minecraft:oak_boat":1,"minecraft:cooked_beef":4},"minecraft:dropped":{"minecraft:cobblestone":1,"minecraft:rotten_flesh":4,"minecraft:rose_bush":1}},"DataVersion":3465}