{"stats":{"minecraft:picked_up":{"minecraft:birch_door":8,"minecraft:crafting_table":19,"minecraft:iron_chestplate":1,"minecraft:wheat":14,"minecraft:chicken":15,"minecraft:diamond_sword":6,"minecraft:wooden_pickaxe":1,"minecraft:golden_shovel":3,"minecraft:shield":11,"minecraft:amethyst_block":170,"minecraft:string":33,"minecraft:iron_axe":1,"minecraft:flint_and_steel":3,"minecraft:iron_leggings":1,"minecraft:cobbled_deepslate":176,"minecraft:bucket":2,"minecraft:beef":8,"minecraft:oak_boat":9,"minecraft:calcite":108,"minecraft:iron_pickaxe":9,"minecraft:light_gray_wool":1,"minecraft:sugar_cane":30,"minecraft:birch_sapling":2,"minecraft:iron_boots":1,"minecraft:furnace":3,"minecraft:golden_helmet":4,"minecraft:stick":115,"minecraft:raw_iron":122,"minecraft:torch":188,"minecraft:porkchop":33,"minecraft:redstone":16,"minecraft:rotten_flesh":69,"minecraft:arrow":82,"minecraft:stone_shovel":1,"minecraft:saddle":3,"minecraft:gold_ingot":6,"minecraft:obsidian":11,"minecraft:mutton":18,"minecraft:cod":1,"minecraft:white_wool":8,"minecraft:cobblestone":180,"minecraft:birch_log":9,"minecraft:magma_block":1,"minecraft:feather":8,"minecraft:cooked_beef":6,"minecraft:salmon":2,"minecraft:andesite":19,"minecraft:black_bed":8,"minecraft:brown_wool":1,"minecraft:leather":8,"minecraft:potato":1,"minecraft:birch_planks":77,"minecraft:tuff":34,"minecraft:oak_log":226,"minecraft:cobbled_deepslate_stairs":2,"minecraft:gunpowder":10,"minecraft:dirt":117,"minecraft:lapis_lazuli":203,"minecraft:cooked_mutton":19,"minecraft:bone":63,"minecraft:apple":15,"minecraft:bow":1,"minecraft:wheat_seeds":42,"minecraft:raw_gold":76,"minecraft:cooked_chicken":5,"minecraft:stone_pickaxe":7,"minecraft:iron_ingot":27,"minecraft:glowstone_dust":2,"minecraft:oak_planks":115,"minecraft:smooth_basalt":25,"minecraft:music_disc_13":6,"minecraft:pumpkin":6,"minecraft:gravel":17,"minecraft:amethyst_shard":20,"minecraft:ink_sac":2,"minecraft:white_bed":1,"minecraft:dark_oak_log":26,"minecraft:spider_eye":2,"minecraft:diamond":47,"minecraft:stone_axe":6,"minecraft:iron_helmet":8,"minecraft:granite":12,"minecraft:gray_wool":1,"minecraft:bread":2,"minecraft:netherrack":4,"minecraft:oak_sapling":26,"minecraft:black_wool":2,"minecraft:coal":464},"minecraft:dropped":{"minecraft:bread":4,"minecraft:iron_ingot":8,"minecraft:diamond":5,"minecraft:torch":49,"minecraft:iron_pickaxe":1,"minecraft:shield":2},"minecraft:crafted":{"minecraft:black_dye":2,"minecraft:oak_planks":286,"minecraft:cooked_chicken":9,"minecraft:furnace":3,"minecraft:bone_meal":33,"minecraft:cooked_mutton":14,"minecraft:iron_boots":1,"minecraft:bow":1,"minecraft:iron_axe":1,"minecraft:stone_pickaxe":2,"minecraft:chest":4,"minecraft:diamond_boots":1,"minecraft:cobbled_deepslate_stairs":8,"minecraft:birch_door":3,"minecraft:black_wool":1,"minecraft:golden_sword":1,"minecraft:cooked_beef":8,"minecraft:golden_axe":1,"minecraft:cooked_cod":2,"minecraft:deepslate":8,"minecraft:diamond_sword":1,"minecraft:cooked_porkchop":11,"minecraft:crafting_table":4,"minecraft:wooden_pickaxe":1,"minecraft:baked_potato":1,"minecraft:iron_helmet":2,"minecraft:cooked_salmon":2,"minecraft:bucket":1,"minecraft:birch_planks":36,"minecraft:stone_axe":3,"minecraft:bread":4,"minecraft:air":0,"minecraft:oak_boat":3,"minecraft:iron_chestplate":1,"minecraft:diamond_pickaxe":2,"minecraft:shield":4,"minecraft:stick":196,"minecraft:iron_ingot":55,"minecraft:iron_pickaxe":3,"minecraft:gold_ingot":7,"minecraft:iron_leggings":1,"minecraft:black_bed":1,"minecraft:white_bed":2,"minecraft:torch":384,"minecraft:golden_hoe":1},"minecraft:custom":{"minecraft:mob_kills":123,"minecraft:animals_bred":2,"minecraft:interact_with_crafting_table":65,"minecraft:open_barrel":11,"minecraft:leave_game":6,"minecraft:time_since_death":1539,"minecraft:sprint_one_cm":436397,"minecraft:walk_one_cm":737658,"minecraft:damage_blocked_by_shield":10313,"minecraft:drop":22,"minecraft:play_time":243899,"minecraft:deaths":22,"minecraft:sneak_time":3514,"minecraft:walk_under_water_one_cm":36860,"minecraft:boat_one_cm":139724,"minecraft:jump":3876,"minecraft:walk_on_water_one_cm":38742,"minecraft:total_world_time":243899,"minecraft:interact_with_furnace":96,"minecraft:sleep_in_bed":8,"minecraft:time_since_rest":1567,"minecraft:damage_taken":9543,"minecraft:damage_dealt":14395,"minecraft:fly_one_cm":512556,"minecraft:swim_one_cm":45387,"minecraft:open_chest":49,"minecraft:crouch_one_cm":4904,"minecraft:fall_one_cm":95251},"minecraft:mined":{"minecraft:large_amethyst_bud":1,"minecraft:tuff":20,"minecraft:white_bed":1,"minecraft:dark_oak_leaves":14,"minecraft:deepslate_diamond_ore":18,"minecraft:cobbled_deepslate_stairs":2,"minecraft:dark_oak_log":26,"minecraft:obsidian":11,"minecraft:glow_lichen":1,"minecraft:granite":3,"minecraft:budding_amethyst":5,"minecraft:grass_block":3,"minecraft:spawner":1,"minecraft:magma_block":1,"minecraft:furnace":2,"minecraft:iron_ore":50,"minecraft:cobbled_deepslate":19,"minecraft:andesite":9,"minecraft:pumpkin":7,"minecraft:deepslate_lapis_ore":9,"minecraft:deepslate_iron_ore":23,"minecraft:stone":91,"minecraft:deepslate_redstone_ore":2,"minecraft:medium_amethyst_bud":1,"minecraft:amethyst_cluster":1,"minecraft:crafting_table":11,"minecraft:torch":1,"minecraft:calcite":27,"minecraft:cobblestone":20,"minecraft:lapis_ore":4,"minecraft:deepslate_gold_ore":25,"minecraft:sugar_cane":11,"minecraft:oak_planks":5,"minecraft:wall_torch":3,"minecraft:amethyst_block":34,"minecraft:birch_planks":9,"minecraft:birch_log":9,"minecraft:wheat":14,"minecraft:birch_leaves":1,"minecraft:birch_door":2,"minecraft:black_bed":5,"minecraft:grass":33,"minecraft:oak_log":83,"minecraft:coal_ore":202,"minecraft:gravel":6,"minecraft:dirt":15,"minecraft:smooth_basalt":5,"minecraft:netherrack":4,"minecraft:oak_leaves":43,"minecraft:deepslate":108},"minecraft:broken":{"minecraft:golden_hoe":1,"minecraft:shield":3,"minecraft:iron_axe":1,"minecraft:stone_axe":1},"minecraft:killed":{"minecraft:spider":8,"minecraft:cod":1,"minecraft:skeleton":12,"minecraft:horse":1,"minecraft:chicken":10,"minecraft:pig":10,"minecraft:zombie_villager":2,"minecraft:salmon":2,"minecraft:creeper":1,"minecraft:squid":1,"minecraft:sheep":12,"minecraft:zombie":32,"minecraft:enderman":1,"minecraft:cow":4},"minecraft:used":{"minecraft:flint_and_steel":2,"minecraft:chest":4,"minecraft:shield":125,"minecraft:cooked_salmon":2,"minecraft:rotten_flesh":51,"minecraft:cooked_chicken":9,"minecraft:iron_chestplate":2,"minecraft:torch":316,"minecraft:dirt":43,"minecraft:mutton":5,"minecraft:birch_door":5,"minecraft:iron_axe":179,"minecraft:iron_helmet":6,"minecraft:iron_boots":2,"minecraft:golden_sword":2,"minecraft:bow":8,"minecraft:furnace":5,"minecraft:oak_sapling":1,"minecraft:cooked_beef":4,"minecraft:cobbled_deepslate":81,"minecraft:golden_axe":17,"minecraft:iron_leggings":1,"minecraft:wheat_seeds":39,"minecraft:cooked_mutton":12,"minecraft:water_bucket":1,"minecraft:diamond_boots":1,"minecraft:birch_planks":9,"minecraft:stone_pickaxe":161,"minecraft:baked_potato":1,"minecraft:oak_planks":16,"minecraft:wooden_pickaxe":22,"minecraft:golden_hoe":32,"minecraft:crafting_table":13,"minecraft:white_bed":3,"minecraft:black_bed":6,"minecraft:cobbled_deepslate_stairs":10,"minecraft:diamond_pickaxe":28,"minecraft:apple":6,"minecraft:chicken":1,"minecraft:bread":2,"minecraft:iron_pickaxe":495,"minecraft:gravel":6,"minecraft:golden_helmet":1,"minecraft:stone_axe":130,"minecraft:fire_charge":1,"minecraft:diamond_sword":96,"minecraft:cobblestone":63,"minecraft:cooked_porkchop":3,"minecraft:bucket":1,"minecraft:oak_boat":2,"minecraft:bone_meal":33},"minecraft:killed_by":{"minecraft:creeper":4,"minecraft:spider":1,"minecraft:skeleton":11,"minecraft:zombie":3}},"DataVersion":3465}