{"stats":{"minecraft:mined":{"minecraft:iron_ore":3,"minecraft:oak_log":10,"minecraft:coal_ore":66,"minecraft:dirt":6,"minecraft:stone":10,"minecraft:oak_planks":1,"minecraft:oak_leaves":7},"minecraft:picked_up":{"minecraft:raw_iron":3,"minecraft:leather":4,"minecraft:oak_log":11,"minecraft:dirt":5,"minecraft:apple":1,"minecraft:beef":4,"minecraft:oak_sapling":6,"minecraft:mutton":6,"minecraft:oak_planks":1,"minecraft:coal":66,"minecraft:white_wool":3,"minecraft:cobblestone":10},"minecraft:crafted":{"minecraft:cooked_beef":4,"minecraft:oak_planks":22,"minecraft:stick":8,"minecraft:iron_ingot":3,"minecraft:wooden_pickaxe":1,"minecraft:iron_pickaxe":1,"minecraft:stone_pickaxe":1,"minecraft:chest":1,"minecraft:stone_axe":1,"minecraft:cooked_mutton":2,"minecraft:air":0},"minecraft:used":{"minecraft:cooked_mutton":1,"minecraft:stone_pickaxe":59,"minecraft:oak_planks":8,"minecraft:chest":1,"minecraft:wooden_pickaxe":22,"minecraft:stone_axe":12,"minecraft:dirt":5,"minecraft:cooked_beef":1},"minecraft:custom":{"minecraft:time_since_rest":38955,"minecraft:interact_with_furnace":7,"minecraft:sprint_one_cm":41322,"minecraft:damage_taken":130,"minecraft:walk_one_cm":51952,"minecraft:mob_kills":5,"minecraft:damage_dealt":440,"minecraft:interact_with_crafting_table":7,"minecraft:fly_one_cm":49294,"minecraft:open_chest":2,"minecraft:crouch_one_cm":299,"minecraft:play_time":38955,"minecraft:sneak_time":198,"minecraft:walk_under_water_one_cm":59,"minecraft:jump":377,"minecraft:leave_game":3,"minecraft:time_since_death":38955,"minecraft:walk_on_water_one_cm":474,"minecraft:total_world_time":38955,"minecraft:fall_one_cm":10131},"minecraft:killed":{"minecraft:sheep":3,"minecraft:cow":2}},"DataVersion":3465}