{
  "minecraft:recipes/transportation/mangrove_boat": {
    "criteria": {
      "in_water": "2024-06-25 06:55:02 +0000"
    },
    "done": true
  },
  "minecraft:recipes/building_blocks/dye_black_bed": {
    "criteria": {
      "has_needed_dye": "2024-06-25 07:06:20 +0000"
    },
    "done": true
  },
  "minecraft:recipes/decorations/black_stained_glass_pane_from_glass_pane": {
    "criteria": {
      "has_black_dye": "2024-06-25 07:06:20 +0000"
    },
    "done": true
  },
  "minecraft:recipes/decorations/crafting_table": {
    "criteria": {
      "unlock_right_away": "2024-06-25 06:45:33 +0000"
    },
    "done": true
  },
  "minecraft:adventure/sleep_in_bed": {
    "criteria": {
      "slept_in_bed": "2024-06-25 06:46:12 +0000"
    },
    "done": true
  },
  "minecraft:recipes/transportation/acacia_boat": {
    "criteria": {
      "in_water": "2024-06-25 06:55:02 +0000"
    },
    "done": true
  },
  "minecraft:recipes/transportation/cherry_boat": {
    "criteria": {
      "in_water": "2024-06-25 06:55:02 +0000"
    },
    "done": true
  },
  "minecraft:recipes/misc/gray_dye": {
    "criteria": {
      "has_black_dye": "2024-06-25 07:06:20 +0000"
    },
    "done": true
  },
  "minecraft:adventure/adventuring_time": {
    "criteria": {
      "minecraft:stony_shore": "2024-06-25 06:45:33 +0000",
      "minecraft:forest": "2024-06-25 06:46:04 +0000"
    },
    "done": false
  },
  "minecraft:recipes/transportation/bamboo_raft": {
    "criteria": {
      "in_water": "2024-06-25 06:55:02 +0000"
    },
    "done": true
  },
  "minecraft:husbandry/plant_seed": {
    "criteria": {
      "wheat": "2024-06-25 06:54:30 +0000"
    },
    "done": true
  },
  "minecraft:recipes/misc/light_gray_dye_from_black_white_dye": {
    "criteria": {
      "has_black_dye": "2024-06-25 07:06:20 +0000"
    },
    "done": true
  },
  "minecraft:recipes/food/bread": {
    "criteria": {
      "has_wheat": "2024-06-25 06:54:12 +0000"
    },
    "done": true
  },
  "minecraft:recipes/transportation/spruce_boat": {
    "criteria": {
      "in_water": "2024-06-25 06:55:02 +0000"
    },
    "done": true
  },
  "minecraft:husbandry/balanced_diet": {
    "criteria": {
      "cooked_porkchop": "2024-06-25 06:55:15 +0000"
    },
    "done": false
  },
  "minecraft:recipes/building_blocks/hay_block": {
    "criteria": {
      "has_wheat": "2024-06-25 06:54:12 +0000"
    },
    "done": true
  },
  "minecraft:husbandry/root": {
    "criteria": {
      "consumed_item": "2024-06-25 06:55:15 +0000"
    },
    "done": true
  },
  "minecraft:recipes/transportation/birch_boat": {
    "criteria": {
      "in_water": "2024-06-25 06:55:02 +0000"
    },
    "done": true
  },
  "minecraft:recipes/transportation/oak_boat": {
    "criteria": {
      "in_water": "2024-06-25 06:55:02 +0000"
    },
    "done": true
  },
  "minecraft:recipes/decorations/black_candle": {
    "criteria": {
      "has_black_dye": "2024-06-25 07:06:20 +0000"
    },
    "done": true
  },
  "minecraft:recipes/building_blocks/dye_black_carpet": {
    "criteria": {
      "has_needed_dye": "2024-06-25 07:06:20 +0000"
    },
    "done": true
  },
  "minecraft:recipes/building_blocks/dye_black_wool": {
    "criteria": {
      "has_needed_dye": "2024-06-25 07:06:20 +0000"
    },
    "done": true
  },
  "minecraft:recipes/transportation/jungle_boat": {
    "criteria": {
      "in_water": "2024-06-25 06:55:02 +0000"
    },
    "done": true
  },
  "minecraft:recipes/transportation/dark_oak_boat": {
    "criteria": {
      "in_water": "2024-06-25 06:55:02 +0000"
    },
    "done": true
  },
  "DataVersion": 3465
}